INU00131,IN00743
INU00131,IN04722
INU00131,IN00131
INU00131,IN00132
INU00131,IN00133
INU00132,IN00743
INU00132,IN00553
INU00132,IN02032
INU00132,IN00631
INU00132,IN00131
INU00132,IN00132
INU00132,IN00133
INU00133,IN04723
INU00133,IN01052
INU00133,IN02033
INU00133,IN02772
INU00133,IN01511
INU00133,IN00661
INU00133,IN00131
INU00133,IN00132
INU00133,IN00133
INU00201,IN01512
INU00201,IN00633
INU00201,IN03519
INU00201,IN03513
INU00201,IN01071
INU00201,IN00201
INU00201,IN00202
INU00201,IN00203
INU00202,IN01073
INU00202,IN01071
INU00202,IN00521
INU00202,IN00201
INU00202,IN00202
INU00202,IN00203
INU00271,IN00292
INU00271,IN01311
INU00271,IN01313
INU00271,IN03021
INU00271,IN00271
INU00271,IN00272
INU00271,IN00273
INU00272,IN01313
INU00272,IN02773
INU00272,IN00661
INU00272,IN00663
INU00272,IN00271
INU00272,IN00272
INU00272,IN00273
INU00273,IN00663
INU00273,IN00041
INU00273,IN03101
INU00273,IN01313
INU00273,IN00271
INU00273,IN00272
INU00273,IN00273
INU00291,IN03143
INU00291,IN03142
INU00291,IN00863
INU00291,IN02043
INU00291,IN00291
INU00291,IN00292
INU00291,IN00293
INU00292,IN00613
INU00292,IN02043
INU00292,IN02781
INU00292,IN02782
INU00292,IN01311
INU00292,IN02213
INU00292,IN00291
INU00292,IN00292
INU00292,IN00293
INU00293,IN02781
INU00293,IN02783
INU00293,IN03021
INU00293,IN00291
INU00293,IN00292
INU00293,IN00293
INU00341,IN01062
INU00341,IN01063
INU00341,IN03412
INU00341,IN03413
INU00341,IN01083
INU00341,IN00341
INU00341,IN00342
INU00341,IN00343
INU00342,IN00341
INU00342,IN00342
INU00342,IN00343
INU00343,IN01062
INU00343,IN01063
INU00343,IN00861
INU00343,IN00862
INU00343,IN02041
INU00343,IN00341
INU00343,IN00342
INU00343,IN00343
INU00441,IN00441
INU00441,IN00442
INU00441,IN00443
INU00442,IN00743
INU00442,IN00441
INU00442,IN00442
INU00442,IN00443
INU00443,IN00131
INU00443,IN00441
INU00443,IN00442
INU00443,IN00443
INU00531,IN00531
INU00531,IN00532
INU00531,IN00533
INU00532,IN00531
INU00532,IN00532
INU00532,IN00533
INU00533,IN00611
INU00533,IN02042
INU00533,IN00531
INU00533,IN00532
INU00533,IN00533
INU00551,IN00551
INU00551,IN00552
INU00551,IN00553
INU00552,IN00873
INU00552,IN00631
INU00552,IN03511
INU00552,IN00673
INU00552,IN00551
INU00552,IN00552
INU00552,IN00553
INU00553,IN00132
INU00553,IN02032
INU00553,IN00631
INU00553,IN00551
INU00553,IN00552
INU00553,IN00553
INU00611,IN02042
INU00611,IN02043
INU00611,IN00533
INU00611,IN00611
INU00611,IN00612
INU00611,IN00613
INU00612,IN01843
INU00612,IN02211
INU00612,IN02213
INU00612,IN02771
INU00612,IN01311
INU00612,IN00611
INU00612,IN00612
INU00612,IN00613
INU00613,IN00292
INU00613,IN02781
INU00613,IN02782
INU00613,IN02771
INU00613,IN00611
INU00613,IN00612
INU00613,IN00613
INU00631,IN02032
INU00631,IN00553
INU00631,IN00552
INU00631,IN00873
INU00631,IN04827
INU00631,IN00631
INU00631,IN00632
INU00631,IN00633
INU00632,IN04388
INU00632,IN04399
INU00632,IN03511
INU00632,IN03513
INU00632,IN00201
INU00632,IN00873
INU00632,IN00552
INU00632,IN00631
INU00632,IN00632
INU00632,IN00633
INU00633,IN02032
INU00633,IN00201
INU00633,IN01512
INU00633,IN01511
INU00633,IN00631
INU00633,IN00632
INU00633,IN00633
INU00661,IN01513
INU00661,IN01511
INU00661,IN02773
INU00661,IN02772
INU00661,IN01052
INU00661,IN01053
INU00661,IN00661
INU00661,IN00662
INU00661,IN00663
INU00662,IN01513
INU00662,IN00203
INU00662,IN04827
INU00662,IN00661
INU00662,IN00662
INU00662,IN00663
INU00663,IN00661
INU00663,IN00662
INU00663,IN00663
INU00671,IN00872
INU00671,IN00953
INU00671,IN00952
INU00671,IN03253
INU00671,IN00671
INU00671,IN00672
INU00671,IN00673
INU00672,IN03253
INU00672,IN03252
INU00672,IN02173
INU00672,IN02611
INU00672,IN00671
INU00672,IN00672
INU00672,IN00673
INU00673,IN00872
INU00673,IN00873
INU00673,IN00552
INU00673,IN00632
INU00673,IN00671
INU00673,IN00672
INU00673,IN00673
INU00741,IN00741
INU00741,IN00742
INU00741,IN00743
INU00742,IN00551
INU00742,IN00741
INU00742,IN00742
INU00742,IN00743
INU00743,IN00442
INU00743,IN00131
INU00743,IN00132
INU00743,IN00551
INU00743,IN00741
INU00743,IN00742
INU00743,IN00743
INU00811,IN01173
INU00811,IN01172
INU00811,IN01962
INU00811,IN01963
INU00811,IN00302
INU00811,IN02172
INU00811,IN00051
INU00811,IN03743
INU00811,IN00811
INU00811,IN00812
INU00811,IN00813
INU00812,IN01172
INU00812,IN03743
INU00812,IN00811
INU00812,IN00812
INU00812,IN00813
INU00813,IN02172
INU00813,IN00302
INU00813,IN01179
INU00813,IN01173
INU00813,IN00811
INU00813,IN00812
INU00813,IN00813
INU00861,IN01062
INU00861,IN01063
INU00861,IN00341
INU00861,IN00343
INU00861,IN00861
INU00861,IN00862
INU00861,IN00863
INU00862,IN00291
INU00862,IN02043
INU00862,IN02041
INU00862,IN00343
INU00862,IN00861
INU00862,IN00862
INU00862,IN00863
INU00863,IN00291
INU00863,IN02043
INU00863,IN00861
INU00863,IN00862
INU00863,IN00863
INU00871,IN00282
INU00871,IN00953
INU00871,IN00871
INU00871,IN00872
INU00871,IN00873
INU00872,IN00953
INU00872,IN00958
INU00872,IN00871
INU00872,IN00873
INU00872,IN03517
INU00872,IN04387
INU00872,IN00558
INU00872,IN00552
INU00872,IN00871
INU00872,IN00872
INU00872,IN00873
INU00873,IN00552
INU00873,IN00673
INU00873,IN03517
INU00873,IN00638
INU00873,IN00632
INU00873,IN00637
INU00873,IN00631
INU00873,IN00871
INU00873,IN00872
INU00873,IN00873
INU00891,IN00063
INU00891,IN01503
INU00891,IN04501
INU00891,IN00493
INU00891,IN00891
INU00891,IN00892
INU00891,IN00893
INU00892,IN04501
INU00892,IN04503
INU00892,IN00063
INU00892,IN01063
INU00892,IN03411
INU00892,IN00891
INU00892,IN00892
INU00892,IN00893
INU00893,IN01061
INU00893,IN01063
INU00893,IN00891
INU00893,IN00892
INU00893,IN00893
INU01051,IN04721
INU01051,IN01353
INU01051,IN01842
INU01051,IN02211
INU01051,IN02212
INU01051,IN01051
INU01051,IN01052
INU01051,IN01053
INU01052,IN04727
INU01052,IN04723
INU01052,IN00133
INU01052,IN00661
INU01052,IN01051
INU01052,IN01052
INU01052,IN01053
INU01053,IN02212
INU01053,IN02213
INU01053,IN01311
INU01053,IN02771
INU01053,IN02772
INU01053,IN01051
INU01053,IN01052
INU01053,IN01053
INU01061,IN00892
INU01061,IN04503
INU01061,IN03413
INU01061,IN00893
INU01061,IN01132
INU01061,IN01061
INU01061,IN01062
INU01061,IN01063
INU01062,IN01151
INU01062,IN01083
INU01062,IN03411
INU01062,IN00341
INU01062,IN01061
INU01062,IN01062
INU01062,IN01063
INU01063,IN00861
INU01063,IN00341
INU01063,IN00893
INU01063,IN01061
INU01063,IN01062
INU01063,IN01063
INU01071,IN02611
INU01071,IN02613
INU01071,IN01071
INU01071,IN01072
INU01071,IN01073
INU01072,IN02613
INU01072,IN02612
INU01072,IN00053
INU01072,IN01071
INU01072,IN01072
INU01072,IN01073
INU01073,IN00202
INU01073,IN00203
INU01073,IN01071
INU01073,IN01072
INU01073,IN01073
INU01081,IN01081
INU01081,IN01082
INU01081,IN01083
INU01082,IN01081
INU01082,IN01082
INU01082,IN01083
INU01083,IN03411
INU01083,IN03412
INU01083,IN01062
INU01083,IN00341
INU01083,IN01151
INU01083,IN01153
INU01083,IN01081
INU01083,IN01082
INU01083,IN01083
INU01151,IN01083
INU01151,IN01082
INU01151,IN00993
INU01151,IN00373
INU01151,IN02083
INU01151,IN00341
INU01151,IN01062
INU01151,IN01151
INU01151,IN01152
INU01151,IN01153
INU01152,IN01151
INU01152,IN01152
INU01152,IN01153
INU01153,IN00341
INU01153,IN01083
INU01153,IN01151
INU01153,IN01152
INU01153,IN01153
INU01311,IN02213
INU01311,IN00292
INU01311,IN02782
INU01311,IN00271
INU01311,IN02771
INU01311,IN01311
INU01311,IN01312
INU01311,IN01313
INU01312,IN00661
INU01312,IN00663
INU01312,IN00041
INU01312,IN02771
INU01312,IN02773
INU01312,IN01311
INU01312,IN01312
INU01312,IN01313
INU01313,IN02782
INU01313,IN00271
INU01313,IN00272
INU01313,IN00041
INU01313,IN00273
INU01313,IN01311
INU01313,IN01312
INU01313,IN01313
INU01511,IN00661
INU01511,IN02772
INU01511,IN02033
INU01511,IN02032
INU01511,IN00633
INU01511,IN01511
INU01511,IN01512
INU01511,IN01513
INU01512,IN00201
INU01512,IN00203
INU01512,IN00633
INU01512,IN00662
INU01512,IN04383
INU01512,IN01511
INU01512,IN01512
INU01512,IN01513
INU01513,IN00662
INU01513,IN00661
INU01513,IN02773
INU01513,IN01511
INU01513,IN01512
INU01513,IN01513
INU01841,IN01841
INU01841,IN01842
INU01841,IN01843
INU01842,IN02211
INU01842,IN01353
INU01842,IN01841
INU01842,IN01842
INU01842,IN01843
INU01843,IN00532
INU01843,IN00612
INU01843,IN02211
INU01843,IN01841
INU01843,IN01842
INU01843,IN01843
INU02031,IN00132
INU02031,IN00133
INU02031,IN00553
INU02031,IN02031
INU02031,IN02032
INU02031,IN02033
INU02032,IN00132
INU02032,IN00553
INU02032,IN00552
INU02032,IN00631
INU02032,IN00633
INU02032,IN01511
INU02032,IN02031
INU02032,IN02032
INU02032,IN02033
INU02033,IN01052
INU02033,IN00133
INU02033,IN01511
INU02033,IN00633
INU02033,IN00661
INU02033,IN02031
INU02033,IN02032
INU02033,IN02033
INU02041,IN00862
INU02041,IN00343
INU02041,IN00693
INU02041,IN02041
INU02041,IN02042
INU02041,IN02043
INU02042,IN00292
INU02042,IN00613
INU02042,IN00533
INU02042,IN00531
INU02042,IN02041
INU02042,IN02042
INU02042,IN02043
INU02043,IN00291
INU02043,IN00292
INU02043,IN00533
INU02043,IN02041
INU02043,IN02042
INU02043,IN02043
INU02171,IN02673
INU02171,IN02672
INU02171,IN00153
INU02171,IN03252
INU02171,IN00303
INU02171,IN00301
INU02171,IN02171
INU02171,IN02172
INU02171,IN02173
INU02172,IN00303
INU02172,IN00302
INU02172,IN00811
INU02172,IN00813
INU02172,IN02171
INU02172,IN02172
INU02172,IN02173
INU02173,IN03252
INU02173,IN02611
INU02173,IN02171
INU02173,IN02172
INU02173,IN02173
INU02211,IN00612
INU02211,IN01843
INU02211,IN01351
INU02211,IN02211
INU02211,IN02212
INU02211,IN02213
INU02212,IN01051
INU02212,IN01053
INU02212,IN01311
INU02212,IN02777
INU02212,IN02771
INU02212,IN02772
INU02212,IN02211
INU02212,IN02212
INU02212,IN02213
INU02213,IN00292
INU02213,IN02782
INU02213,IN01311
INU02213,IN01053
INU02213,IN00612
INU02213,IN02771
INU02213,IN02211
INU02213,IN02212
INU02213,IN02213
INU02611,IN00672
INU02611,IN01071
INU02611,IN02173
INU02611,IN03252
INU02611,IN02611
INU02611,IN02612
INU02611,IN02613
INU02612,IN01072
INU02612,IN02611
INU02612,IN02613
INU02613,IN01072
INU02613,IN01071
INU02613,IN00672
INU02613,IN00521
INU02613,IN02611
INU02613,IN02612
INU02613,IN02613
INU02771,IN01053
INU02771,IN02213
INU02771,IN00613
INU02771,IN00292
INU02771,IN02782
INU02771,IN01311
INU02771,IN00271
INU02771,IN01312
INU02771,IN02771
INU02771,IN02772
INU02771,IN02773
INU02772,IN00661
INU02772,IN01511
INU02772,IN00133
INU02772,IN01052
INU02772,IN01053
INU02772,IN02212
INU02772,IN02771
INU02772,IN02772
INU02772,IN02773
INU02773,IN01313
INU02773,IN01312
INU02773,IN00661
INU02773,IN00663
INU02773,IN00041
INU02773,IN02771
INU02773,IN02772
INU02773,IN02773
INU03251,IN00952
INU03251,IN00153
INU03251,IN03251
INU03251,IN03252
INU03251,IN03253
INU03252,IN00153
INU03252,IN02673
INU03252,IN00303
INU03252,IN02173
INU03252,IN00672
INU03252,IN03251
INU03252,IN03252
INU03252,IN03253
INU03253,IN00671
INU03253,IN00672
INU03253,IN00952
INU03253,IN00872
INU03253,IN03251
INU03253,IN03252
INU03253,IN03253
INU03511,IN00673
INU03511,IN00872
INU03511,IN00873
INU03511,IN00632
INU03512,IN00672
INU03512,IN02611
INU03512,IN02613
INU03512,IN01071
INU03513,IN01071
INU03513,IN01073
INU03513,IN00202
INU03513,IN00201
INU03513,IN00632
INU04361,IN04598
INU04362,IN00289
INU04362,IN00953
INU04363,IN00552
INU04363,IN00873
INU04481,IN01082
INU04481,IN00993
INU04481,IN01151
INU04481,IN00341
INU04481,IN01062
INU04481,IN03412
INU04483,IN01082
INU04483,IN00993
INU04483,IN01151
INU04483,IN00373
INU04501,IN01411
INU04501,IN01413
INU04501,IN00643
INU04501,IN00062
INU04501,IN00063
INU04501,IN04501
INU04501,IN04502
INU04501,IN04503
INU04502,IN00411
INU04502,IN01281
INU04502,IN01411
INU04502,IN01413
INU04502,IN00641
INU04502,IN00642
INU04502,IN04501
INU04502,IN04502
INU04502,IN04503
INU04503,IN01061
INU04503,IN00892
INU04503,IN03411
INU04503,IN03413
INU04503,IN04501
INU04503,IN04502
INU04503,IN04503
INU04721,IN01353
INU04721,IN01051
INU04721,IN02212
INU04721,IN04721
INU04721,IN04722
INU04721,IN04723
INU04722,IN00448
INU04722,IN04721
INU04722,IN04722
INU04722,IN04723
INU04723,IN01052
INU04723,IN00133
INU04723,IN04721
INU04723,IN04722
INU04723,IN04723
INU04771,IN01151
INU04771,IN01153
INU04771,IN00341
INU04771,IN01062
INU04771,IN01083
INU04771,IN03412
INU04771,IN03413
INU04771,IN04771
INU04771,IN04772
INU04771,IN04773
INU04772,IN04771
INU04772,IN04772
INU04772,IN04773
INU04773,IN04771
INU04773,IN04772
INU04773,IN04773
